Name, Writer, Page, Type, Price, imagePath
100 jours en enfer, Robert Muchamore, 448, Science Fiction, 10, BookPictures/cherub1.png
Latitude o, MikeHorn, 352, Adventure,10, BookPictures/LATITUDE0.png
La faille, Franck Thilliez, 504, Science Fiction, 29, BookPictures/La faille.png
Sur la dalle, Fred Vargas, 508, Science Fiction, 25, BookPictures/Sur la dalle.png
La dernière tempête,  Ragnar Jonasson, 272, Poilicier, 15 , BookPictures/La dernière tempête.png
Via Ferrata, Florian Muller, 230, Nature, 35, BookPictures/Via Ferrata.png
Adieu Aaricia, Robin Recht, 108, BD aventure, 17, BookPictures/Adieu Aaricia.png
Quelques atomes de carbone, BeKa, 59, BD aventure, 24, BookPictures/Quelques atomes de carbone.png
A la recherche de Peter Pan, Cosey, 135, BD aventure, 34, BookPictures/A la recherche de Peter Pan.png
L'incroyable combat de l' Antarctique, MikeHorn, 203, Aventure, 50, BookPictures/L'incroyable combat de l' Antarctique.png
Vouloir toucher les étoiles, MikeHorn, 275, Aventure, 14, BookPictures/Vouloir toucher les étoiles.png
L'Antarctique le rêve d'une vie, MikeHorn, 155, Aventure, 14, BookPictures/L'Antarctique le rêve d'une vie.png
Le robert micro poche, Alain Rey, 1656, Dictionnaire, 28 , BookPictures/Le robert micro poche.png
Le petit robert de la langue francaise, Alain Rey, 2840, Dictionnaire, 100, BookPictures/Le petit robert de la langue francaise.png
Anti-fautes-d'orthographe, Larousse, 770, Dictionnaire, 11, BookPictures/Anti-fautes-d'orthographe.png
Le robert junior, Alain Rey, 1548, Dictionnaire, 30, BookPictures/Le robert junior.png
aaa,bbb,12,ccc,25.0
aaa,bbb,12,ccc,25.0
aaa,bbb,12,ccc,25.0
